trait_id	phenotype_label	category	weight_file	weight_path_expanse	raw_source_file	raw_match_method	currently_enabled	processing_status	catalog_status	ancestry	genome_build	publication	year	doi_or_source_url	notes
aowgwas_sumstats_gui2025	Aowgwas Sumstats Gui2025	other	AOWgwas_sumstats_Gui2025_cojo.txt	/expanse/projects/sebat1/a1sriniv/pgs_sumstats_organized/processed/txt_weights/AOWgwas_sumstats_Gui2025_cojo.txt	AOWgwas_sumstats_Gui2025.txt	exact_filename_stem	yes	final_weight_available	provisional	European	not_encoded_rsid_only	Gui et al. Genome-wide association meta-analysis of age at onset of walking in over 70,000 infants of European ancestry	2025	10.1038/s41562-025-02145-1	Matched to a verified study family; remaining fields require verification
childhood_obesity_trans_ancestral_2019_results	Childhood Obesity Trans Ancestral 2019 Results	growth_obesity_development	CHILDHOOD_OBESITY.TRANS_ANCESTRAL_2019.RESULTS_cojo.txt	/expanse/projects/sebat1/a1sriniv/pgs_sumstats_organized/processed/txt_weights/CHILDHOOD_OBESITY.TRANS_ANCESTRAL_2019.RESULTS_cojo.txt	CHILDHOOD_OBESITY.TRANS_ANCESTRAL_2019.RESULTS.txt.gz	exact_filename_stem	yes	final_weight_available	provisional	trans-ancestry	not_encoded_rsid_only	Bradfield et al. A trans-ancestral meta-analysis of genome-wide association studies reveals loci associated with childhood obesity	2019	10.1093/hmg/ddz161	Matched to a verified study family; remaining fields require verification
dozing_sumstats_jansenetal	Dozing Sumstats Jansenetal	sleep_circadian	Dozing_sumstats_Jansenetal_cojo.txt	/expanse/projects/sebat1/a1sriniv/pgs_sumstats_organized/processed/txt_weights/Dozing_sumstats_Jansenetal_cojo.txt	Dozing_sumstats_Jansenetal.txt.gz	exact_filename_stem	yes	final_weight_available	provisional	European	not_encoded_rsid_only	Jansen et al. Genome-wide analysis of insomnia and related sleep phenotypes	2019	10.1038/s41588-018-0333-3	Matched to a verified study family; remaining fields require verification
f1_compulsivedisorders_2025	F1 Compulsivedisorders 2025	psychiatric_neurologic	F1_CompulsiveDisorders_2025_cojo.txt	/expanse/projects/sebat1/a1sriniv/pgs_sumstats_organized/processed/txt_weights/F1_CompulsiveDisorders_2025_cojo.txt	F1_CompulsiveDisorders_2025.tsv.gz	exact_filename_stem	yes	final_weight_available	provisional	EUR-like	not_encoded_rsid_only	Mapping the genetic landscape across 14 psychiatric disorders	2025	10.1038/s41586-025-09820-3	Matched to a verified study family; remaining fields require verification
f2_schizophreniabipolar_2025	F2 Schizophreniabipolar 2025	psychiatric_neurologic	F2_SchizophreniaBipolar_2025_cojo.txt	/expanse/projects/sebat1/a1sriniv/pgs_sumstats_organized/processed/txt_weights/F2_SchizophreniaBipolar_2025_cojo.txt	F2_SchizophreniaBipolar_2025.tsv.gz	exact_filename_stem	yes	final_weight_available	provisional	EUR-like	not_encoded_rsid_only	Mapping the genetic landscape across 14 psychiatric disorders	2025	10.1038/s41586-025-09820-3	Matched to a verified study family; remaining fields require verification
f3_neurodevelopmental_2025	F3 Neurodevelopmental 2025	psychiatric_neurologic	F3_Neurodevelopmental_2025_cojo.txt	/expanse/projects/sebat1/a1sriniv/pgs_sumstats_organized/processed/txt_weights/F3_Neurodevelopmental_2025_cojo.txt	F3_Neurodevelopmental_2025.tsv.gz	exact_filename_stem	yes	final_weight_available	provisional	EUR-like	not_encoded_rsid_only	Mapping the genetic landscape across 14 psychiatric disorders	2025	10.1038/s41586-025-09820-3	Matched to a verified study family; remaining fields require verification
f4_internalizing_2025	F4 Internalizing 2025	psychiatric_neurologic	F4_Internalizing_2025_cojo.txt	/expanse/projects/sebat1/a1sriniv/pgs_sumstats_organized/processed/txt_weights/F4_Internalizing_2025_cojo.txt	F4_Internalizing_2025.tsv.gz	exact_filename_stem	yes	final_weight_available	provisional	EUR-like	not_encoded_rsid_only	Mapping the genetic landscape across 14 psychiatric disorders	2025	10.1038/s41586-025-09820-3	Matched to a verified study family; remaining fields require verification
f5_substanceuse_2025	F5 Substanceuse 2025	psychiatric_neurologic	F5_SubstanceUse_2025_cojo.txt	/expanse/projects/sebat1/a1sriniv/pgs_sumstats_organized/processed/txt_weights/F5_SubstanceUse_2025_cojo.txt	F5_SubstanceUse_2025.tsv.gz	exact_filename_stem	yes	final_weight_available	provisional	EUR-like	not_encoded_rsid_only	Mapping the genetic landscape across 14 psychiatric disorders	2025	10.1038/s41586-025-09820-3	Matched to a verified study family; remaining fields require verification
fetal_early_preterm_birth_ncomms2019	Fetal Early Preterm Birth Ncomms2019	growth_obesity_development	Fetal_early_preterm_birth_NComms2019_cojo.txt	/expanse/projects/sebat1/a1sriniv/pgs_sumstats_organized/processed/txt_weights/Fetal_early_preterm_birth_NComms2019_cojo.txt	Fetal_early_preterm_birth_NComms2019.txt.gz	exact_filename_stem	yes	final_weight_available	provisional		not_encoded_rsid_only	Variants in the fetal genome near pro-inflammatory cytokine genes on 2q13 associate with gestational duration	2019	10.1038/s41467-019-11881-8	Matched to a verified study family; remaining fields require verification
fetal_gest_duration_ncomms2019	Fetal Gest Duration Ncomms2019	growth_obesity_development	Fetal_gest_duration_NComms2019_cojo.txt	/expanse/projects/sebat1/a1sriniv/pgs_sumstats_organized/processed/txt_weights/Fetal_gest_duration_NComms2019_cojo.txt	Fetal_gest_duration_NComms2019.txt.gz	exact_filename_stem	yes	final_weight_available	provisional		not_encoded_rsid_only	Variants in the fetal genome near pro-inflammatory cytokine genes on 2q13 associate with gestational duration	2019	10.1038/s41467-019-11881-8	Matched to a verified study family; remaining fields require verification
fetal_postterm_birth_ncomms2019	Fetal Postterm Birth Ncomms2019	growth_obesity_development	Fetal_postterm_birth_NComms2019_cojo.txt	/expanse/projects/sebat1/a1sriniv/pgs_sumstats_organized/processed/txt_weights/Fetal_postterm_birth_NComms2019_cojo.txt	Fetal_postterm_birth_NComms2019.txt.gz	exact_filename_stem	yes	final_weight_available	provisional		not_encoded_rsid_only	Variants in the fetal genome near pro-inflammatory cytokine genes on 2q13 associate with gestational duration	2019	10.1038/s41467-019-11881-8	Matched to a verified study family; remaining fields require verification
fetal_preterm_birth_ncomms2019	Fetal Preterm Birth Ncomms2019	growth_obesity_development	Fetal_preterm_birth_NComms2019_cojo.txt	/expanse/projects/sebat1/a1sriniv/pgs_sumstats_organized/processed/txt_weights/Fetal_preterm_birth_NComms2019_cojo.txt	Fetal_preterm_birth_NComms2019.txt.gz	exact_filename_stem	yes	final_weight_available	provisional		not_encoded_rsid_only	Variants in the fetal genome near pro-inflammatory cytokine genes on 2q13 associate with gestational duration	2019	10.1038/s41467-019-11881-8	Matched to a verified study family; remaining fields require verification
gcst90002409_childhood_bmi	Gcst90002409 Childhood BMI	growth_obesity_development	GCST90002409_childhood_BMI_cojo.txt	/expanse/projects/sebat1/a1sriniv/pgs_sumstats_organized/processed/txt_weights/GCST90002409_childhood_BMI_cojo.txt	GCST90002409_childhood_BMI.tsv.gz	exact_filename_stem	yes	final_weight_available	provisional	European	not_encoded_rsid_only	Felix et al. Genome-wide association analysis identifies three new susceptibility loci for childhood body mass index	2016	10.1093/hmg/ddv472	Matched to a verified study family; remaining fields require verification
gcst90011874_buildgrch37_edu_cog	Gcst90011874 Buildgrch37 Edu Cog	education_cognition	GCST90011874_buildGRCh37_edu_cog_cojo.txt	/expanse/projects/sebat1/a1sriniv/pgs_sumstats_organized/processed/txt_weights/GCST90011874_buildGRCh37_edu_cog_cojo.txt	GCST90011874_buildGRCh37_edu_cog.tsv.gz	exact_filename_stem	yes	final_weight_available	provisional	predominantly European	not_encoded_rsid_only	Demange et al. Investigating the genetic architecture of noncognitive skills using GWAS-by-subtraction	2021	10.1038/s41588-020-00754-2	Matched to a verified study family; remaining fields require verification
gcst90011875_buildgrch37_edu_noncog	Gcst90011875 Buildgrch37 Edu Noncog	education_cognition	GCST90011875_buildGRCh37_edu_noncog_cojo.txt	/expanse/projects/sebat1/a1sriniv/pgs_sumstats_organized/processed/txt_weights/GCST90011875_buildGRCh37_edu_noncog_cojo.txt	GCST90011875_buildGRCh37_edu_noncog.tsv.gz	exact_filename_stem	yes	final_weight_available	provisional	predominantly European	not_encoded_rsid_only	Demange et al. Investigating the genetic architecture of noncognitive skills using GWAS-by-subtraction	2021	10.1038/s41588-020-00754-2	Matched to a verified study family; remaining fields require verification
gettingup_sumstats_jansenetal	Gettingup Sumstats Jansenetal	sleep_circadian	Gettingup_sumstats_Jansenetal_cojo.txt	/expanse/projects/sebat1/a1sriniv/pgs_sumstats_organized/processed/txt_weights/Gettingup_sumstats_Jansenetal_cojo.txt	Gettingup_sumstats_Jansenetal.txt.gz	exact_filename_stem	yes	final_weight_available	provisional	European	not_encoded_rsid_only	Jansen et al. Genome-wide analysis of insomnia and related sleep phenotypes	2019	10.1038/s41588-018-0333-3	Matched to a verified study family; remaining fields require verification
insomnia_sumstats_jansenetal_2019_main	Insomnia Sumstats Jansenetal 2019 Main	sleep_circadian	Insomnia_sumstats_Jansenetal_2019_main_cojo.txt	/expanse/projects/sebat1/a1sriniv/pgs_sumstats_organized/processed/txt_weights/Insomnia_sumstats_Jansenetal_2019_main_cojo.txt	Insomnia_sumstats_Jansenetal_2019_main.txt.gz	exact_filename_stem	yes	final_weight_available	provisional	European	not_encoded_rsid_only	Jansen et al. Genome-wide analysis of insomnia and related sleep phenotypes	2019	10.1038/s41588-018-0333-3	Matched to a verified study family; remaining fields require verification
metaanalysis_nightmares_alcohol_adj	Metaanalysis Nightmares Alcohol Adj	sleep_circadian	METAANALYSIS_Nightmares_alcohol_adj_cojo.txt	/expanse/projects/sebat1/a1sriniv/pgs_sumstats_organized/processed/txt_weights/METAANALYSIS_Nightmares_alcohol_adj_cojo.txt	METAANALYSIS_Nightmares_alcohol_adj.tbl.gz	exact_filename_stem	yes	final_weight_available	provisional	predominantly European	not_encoded_rsid_only	Ollila et al. Nightmares share genetic risk factors with sleep and psychiatric traits	2024	10.1038/s41398-023-02637-6	Matched to a verified study family; remaining fields require verification
metaanalysis_nightmares_baseline	Metaanalysis Nightmares Baseline	sleep_circadian	METAANALYSIS_Nightmares_baseline_cojo.txt	/expanse/projects/sebat1/a1sriniv/pgs_sumstats_organized/processed/txt_weights/METAANALYSIS_Nightmares_baseline_cojo.txt	METAANALYSIS_Nightmares_baseline.tbl.gz	exact_filename_stem	yes	final_weight_available	provisional	predominantly European	not_encoded_rsid_only	Ollila et al. Nightmares share genetic risk factors with sleep and psychiatric traits	2024	10.1038/s41398-023-02637-6	Matched to a verified study family; remaining fields require verification
morningness_sumstats_jansenetal	Morningness Sumstats Jansenetal	sleep_circadian	Morningness_sumstats_Jansenetal_cojo.txt	/expanse/projects/sebat1/a1sriniv/pgs_sumstats_organized/processed/txt_weights/Morningness_sumstats_Jansenetal_cojo.txt	Morningness_sumstats_Jansenetal.txt.gz	exact_filename_stem	yes	final_weight_available	provisional	European	not_encoded_rsid_only	Jansen et al. Genome-wide analysis of insomnia and related sleep phenotypes	2019	10.1038/s41588-018-0333-3	Matched to a verified study family; remaining fields require verification
napping_sumstats_jansenetal	Napping Sumstats Jansenetal	sleep_circadian	Napping_sumstats_Jansenetal_cojo.txt	/expanse/projects/sebat1/a1sriniv/pgs_sumstats_organized/processed/txt_weights/Napping_sumstats_Jansenetal_cojo.txt	Napping_sumstats_Jansenetal.txt.gz	exact_filename_stem	yes	final_weight_available	provisional	European	not_encoded_rsid_only	Jansen et al. Genome-wide analysis of insomnia and related sleep phenotypes	2019	10.1038/s41588-018-0333-3	Matched to a verified study family; remaining fields require verification
pfactor_2025	Pfactor 2025	psychiatric_neurologic	PFactor_2025_cojo.txt	/expanse/projects/sebat1/a1sriniv/pgs_sumstats_organized/processed/txt_weights/PFactor_2025_cojo.txt	PFactor_2025.tsv.gz	exact_filename_stem	yes	final_weight_available	provisional	EUR-like	not_encoded_rsid_only	Mapping the genetic landscape across 14 psychiatric disorders	2025	10.1038/s41586-025-09820-3	Matched to a verified study family; remaining fields require verification
sleepdur_sumstats_jansenetal	Sleepdur Sumstats Jansenetal	sleep_circadian	Sleepdur_sumstats_Jansenetal_cojo.txt	/expanse/projects/sebat1/a1sriniv/pgs_sumstats_organized/processed/txt_weights/Sleepdur_sumstats_Jansenetal_cojo.txt	Sleepdur_sumstats_Jansenetal.txt.gz	exact_filename_stem	yes	final_weight_available	provisional	European	not_encoded_rsid_only	Jansen et al. Genome-wide analysis of insomnia and related sleep phenotypes	2019	10.1038/s41588-018-0333-3	Matched to a verified study family; remaining fields require verification
snoring_sumstats_jansenetal	Snoring Sumstats Jansenetal	sleep_circadian	Snoring_sumstats_Jansenetal_cojo.txt	/expanse/projects/sebat1/a1sriniv/pgs_sumstats_organized/processed/txt_weights/Snoring_sumstats_Jansenetal_cojo.txt	Snoring_sumstats_Jansenetal.txt.gz	exact_filename_stem	yes	final_weight_available	provisional	European	not_encoded_rsid_only	Jansen et al. Genome-wide analysis of insomnia and related sleep phenotypes	2019	10.1038/s41588-018-0333-3	Matched to a verified study family; remaining fields require verification
adhd_2022	ADHD	psychiatric_neurologic	adhd_2022.txt	/expanse/projects/sebat1/a1sriniv/pgs_sumstats_organized/processed/txt_weights/adhd_2022.txt	adhd_2022.ma	exact_filename_stem	yes	final_weight_available	provisional	EUR	not_encoded_rsid_only	Demontis et al. 2022	2022	10.1038/s41588-022-01285-8	Imported from sumstats/sources.yaml; verify before release
afb_2018	Age at First Birth	other	afb_2018.txt	/expanse/projects/sebat1/a1sriniv/pgs_sumstats_organized/processed/txt_weights/afb_2018.txt	afb_2018.ma	exact_filename_stem	yes	final_weight_available	provisional	EUR	not_encoded_rsid_only	UKB GWAS	2018		Imported from sumstats/sources.yaml; verify before release
agesmk_2022	Age of Smoking Initiation	other	agesmk_2022.txt	/expanse/projects/sebat1/a1sriniv/pgs_sumstats_organized/processed/txt_weights/agesmk_2022.txt	agesmk_2022.ma	exact_filename_stem	yes	final_weight_available	provisional	EUR	not_encoded_rsid_only	Saunders et al. 2022 (GSCAN)	2022	10.1038/s41586-022-05761-3	Imported from sumstats/sources.yaml; verify before release
asd_ipsych_dbs	ASD (iPSYCH-DBS)	psychiatric_neurologic	asd_ipsych_dbs.txt	/expanse/projects/sebat1/a1sriniv/pgs_sumstats_organized/processed/txt_weights/asd_ipsych_dbs.txt	asd_ipsych_dbs.ma	exact_filename_stem	yes	final_weight_available	provisional	EUR	not_encoded_rsid_only	iPSYCH-DBS ASD phase 3	2024		Imported from sumstats/sources.yaml; verify before release
asd_loSSC	ASD	psychiatric_neurologic	asd_loSSC.txt	/expanse/projects/sebat1/a1sriniv/pgs_sumstats_organized/processed/txt_weights/asd_loSSC.txt	asd_loSSC.ma	exact_filename_stem	yes	final_weight_available	provisional	EUR	not_encoded_rsid_only	Grove et al. 2019	2019	10.1038/s41588-019-0344-8	Imported from sumstats/sources.yaml; verify before release
bip_2024	Bipolar Disorder	psychiatric_neurologic	bip_2024.txt	/expanse/projects/sebat1/a1sriniv/pgs_sumstats_organized/processed/txt_weights/bip_2024.txt	bip_2024.ma	exact_filename_stem	yes	final_weight_available	provisional	EUR	not_encoded_rsid_only	Mullins et al. 2024	2024	10.1038/s41586-024-08468-9	Imported from sumstats/sources.yaml; verify before release
birth_length_2014	Birth Length 2014	growth_obesity_development	birth_length_2014_cojo.txt	/expanse/projects/sebat1/a1sriniv/pgs_sumstats_organized/processed/txt_weights/birth_length_2014_cojo.txt	birth_length_2014.txt.gz	exact_filename_stem	yes	final_weight_available	provisional	European	not_encoded_rsid_only	van der Valk et al. A novel common variant in DCST2 is associated with length in early life and height in adulthood	2014	10.1093/hmg/ddu510	Matched to a verified study family; remaining fields require verification
birth_weight_fetal_2016	Birth Weight Fetal 2016	growth_obesity_development	birth_weight_fetal_2016_cojo.txt	/expanse/projects/sebat1/a1sriniv/pgs_sumstats_organized/processed/txt_weights/birth_weight_fetal_2016_cojo.txt	birth_weight_fetal_2016.txt.gz	exact_filename_stem	yes	final_weight_available	provisional	predominantly European	not_encoded_rsid_only	Horikoshi et al. Genome-wide associations for birth weight and correlations with adult disease	2016	10.1038/nature19806	Matched to a verified study family; remaining fields require verification
birth_weight_maternal_2018	Birth Weight Maternal 2018	growth_obesity_development	birth_weight_maternal_2018_cojo.txt	/expanse/projects/sebat1/a1sriniv/pgs_sumstats_organized/processed/txt_weights/birth_weight_maternal_2018_cojo.txt	birth_weight_maternal_2018.txt.gz	exact_filename_stem	yes	final_weight_available	provisional	European	not_encoded_rsid_only	Beaumont et al. Genome-wide association study of offspring birth weight in 86,577 women identifies five novel loci and highlights maternal genetic effects	2018	10.1093/hmg/ddx429	Matched to a verified study family; remaining fields require verification
bmi_2018	BMI	growth_obesity_development	bmi_2018.txt	/expanse/projects/sebat1/a1sriniv/pgs_sumstats_organized/processed/txt_weights/bmi_2018.txt	bmi_2018.ma	exact_filename_stem	yes	final_weight_available	provisional	EUR	not_encoded_rsid_only	Yengo et al. 2018	2018	10.1093/hmg/ddy271	Imported from sumstats/sources.yaml; verify before release
bolt_ss_pc1_circadianpref_euro_hrc_1kg	Bolt Ss Pc1 Circadianpref Euro Hrc 1Kg	sleep_circadian	bolt_SS_PC1_circadianpref_euro_HRC_1KG.bgen.stats_cojo.txt	/expanse/projects/sebat1/a1sriniv/pgs_sumstats_organized/processed/txt_weights/bolt_SS_PC1_circadianpref_euro_HRC_1KG.bgen.stats_cojo.txt	bolt_SS_PC1_circadianpref_euro_HRC_1KG.bgen.stats.gz	exact_filename_stem	yes	final_weight_available	provisional	European	not_encoded_rsid_only	Goodman et al. Genome-wide association analysis of composite sleep health scores in 413,904 individuals	2025	10.1038/s42003-025-07514-0	Matched to a verified study family; remaining fields require verification
bolt_ss_pc2_efficiency_euro_hrc_1kg	Bolt Ss Pc2 Efficiency Euro Hrc 1Kg	other	bolt_SS_PC2_efficiency_euro_HRC_1KG.bgen.stats_cojo.txt	/expanse/projects/sebat1/a1sriniv/pgs_sumstats_organized/processed/txt_weights/bolt_SS_PC2_efficiency_euro_HRC_1KG.bgen.stats_cojo.txt	bolt_SS_PC2_efficiency_euro_HRC_1KG.bgen.stats.gz	exact_filename_stem	yes	final_weight_available	provisional	European	not_encoded_rsid_only	Goodman et al. Genome-wide association analysis of composite sleep health scores in 413,904 individuals	2025	10.1038/s42003-025-07514-0	Matched to a verified study family; remaining fields require verification
bolt_ss_pc3_alertness_euro_hrc_1kg	Bolt Ss Pc3 Alertness Euro Hrc 1Kg	sleep_circadian	bolt_SS_PC3_alertness_euro_HRC_1KG.bgen.stats_cojo.txt	/expanse/projects/sebat1/a1sriniv/pgs_sumstats_organized/processed/txt_weights/bolt_SS_PC3_alertness_euro_HRC_1KG.bgen.stats_cojo.txt	bolt_SS_PC3_alertness_euro_HRC_1KG.bgen.stats.gz	exact_filename_stem	yes	final_weight_available	provisional	European	not_encoded_rsid_only	Goodman et al. Genome-wide association analysis of composite sleep health scores in 413,904 individuals	2025	10.1038/s42003-025-07514-0	Matched to a verified study family; remaining fields require verification
bolt_ss_pc4_duration_regularity_euro_hrc_1kg	Bolt Ss Pc4 Duration Regularity Euro Hrc 1Kg	other	bolt_SS_PC4_duration_regularity_euro_HRC_1KG.bgen.stats_cojo.txt	/expanse/projects/sebat1/a1sriniv/pgs_sumstats_organized/processed/txt_weights/bolt_SS_PC4_duration_regularity_euro_HRC_1KG.bgen.stats_cojo.txt	bolt_SS_PC4_duration_regularity_euro_HRC_1KG.bgen.stats.gz	exact_filename_stem	yes	final_weight_available	provisional	European	not_encoded_rsid_only	Goodman et al. Genome-wide association analysis of composite sleep health scores in 413,904 individuals	2025	10.1038/s42003-025-07514-0	Matched to a verified study family; remaining fields require verification
bolt_ss_pc5_noninsomnia_euro_hrc_1kg	Bolt Ss Pc5 Noninsomnia Euro Hrc 1Kg	sleep_circadian	bolt_SS_PC5_noninsomnia_euro_HRC_1KG.bgen.stats_cojo.txt	/expanse/projects/sebat1/a1sriniv/pgs_sumstats_organized/processed/txt_weights/bolt_SS_PC5_noninsomnia_euro_HRC_1KG.bgen.stats_cojo.txt	bolt_SS_PC5_noninsomnia_euro_HRC_1KG.bgen.stats.gz	exact_filename_stem	yes	final_weight_available	provisional	European	not_encoded_rsid_only	Goodman et al. Genome-wide association analysis of composite sleep health scores in 413,904 individuals	2025	10.1038/s42003-025-07514-0	Matched to a verified study family; remaining fields require verification
bolt_ss_add_euro_hrc_1kg	Bolt Ss Add Euro Hrc 1Kg	other	bolt_SS_add_euro_HRC_1KG.bgen.stats_cojo.txt	/expanse/projects/sebat1/a1sriniv/pgs_sumstats_organized/processed/txt_weights/bolt_SS_add_euro_HRC_1KG.bgen.stats_cojo.txt	bolt_SS_add_euro_HRC_1KG.bgen.stats.gz	exact_filename_stem	yes	final_weight_available	provisional	European	not_encoded_rsid_only	Goodman et al. Genome-wide association analysis of composite sleep health scores in 413,904 individuals	2025	10.1038/s42003-025-07514-0	Matched to a verified study family; remaining fields require verification
breakfast_skipping_2019_dashti	Breakfast Skipping 2019 Dashti	diet	breakfast_skipping_2019_Dashti_cojo.txt	/expanse/projects/sebat1/a1sriniv/pgs_sumstats_organized/processed/txt_weights/breakfast_skipping_2019_Dashti_cojo.txt	breakfast_skipping_2019_Dashti.txt	exact_filename_stem	yes	final_weight_available	provisional	European	not_encoded_rsid_only	Dashti et al. Genome-wide association study of breakfast skipping links clock regulation with food timing	2019	10.1093/ajcn/nqz076	Matched to a verified study family; remaining fields require verification
chronotype_raw_bolt_output_hrc_only_plus_metrics_maf0_001_hwep1em12_info0_3	Chronotype Raw Bolt Output Hrc Only Plus Metrics Maf0 001 Hwep1Em12 Info0 3	sleep_circadian	chronotype_raw_BOLT.output_HRC.only_plus.metrics_maf0.001_hwep1em12_info0.3_cojo.txt	/expanse/projects/sebat1/a1sriniv/pgs_sumstats_organized/processed/txt_weights/chronotype_raw_BOLT.output_HRC.only_plus.metrics_maf0.001_hwep1em12_info0.3_cojo.txt	chronotype_raw_BOLT.output_HRC.only_plus.metrics_maf0.001_hwep1em12_info0.3.txt.gz	exact_filename_stem	yes	final_weight_available	provisional	European	not_encoded_rsid_only	Jones et al. Genome-wide association analyses of chronotype in 697,828 individuals provides insights into circadian rhythms	2019	10.1038/s41467-018-08259-7	Matched to a verified study family; remaining fields require verification
cigperday_2022	Cigarettes per Day	substance_behavior	cigperday_2022.txt	/expanse/projects/sebat1/a1sriniv/pgs_sumstats_organized/processed/txt_weights/cigperday_2022.txt	cigperday_2022.ma	exact_filename_stem	yes	final_weight_available	provisional	EUR	not_encoded_rsid_only	Saunders et al. 2022 (GSCAN)	2022	10.1038/s41586-022-05761-3	Imported from sumstats/sources.yaml; verify before release
drinks_2022	Drinks per Week	substance_behavior	drinks_2022.txt	/expanse/projects/sebat1/a1sriniv/pgs_sumstats_organized/processed/txt_weights/drinks_2022.txt	drinks_2022.ma	exact_filename_stem	yes	final_weight_available	provisional	EUR	not_encoded_rsid_only	Saunders et al. 2022 (GSCAN)	2022	10.1038/s41586-022-05761-3	Imported from sumstats/sources.yaml; verify before release
edu_2022	Educational Attainment	education_cognition	edu_2022.txt	/expanse/projects/sebat1/a1sriniv/pgs_sumstats_organized/processed/txt_weights/edu_2022.txt	edu_2022.ma	exact_filename_stem	yes	final_weight_available	provisional	EUR	not_encoded_rsid_only	Okbay et al. 2022	2022	10.1038/s41588-022-01016-z	Imported from sumstats/sources.yaml; verify before release
epilepsy_full	Epilepsy Full	psychiatric_neurologic	epilepsy_full_cojo.txt	/expanse/projects/sebat1/a1sriniv/pgs_sumstats_organized/processed/txt_weights/epilepsy_full_cojo.txt	epilepsy_full.tsv.gz	exact_filename_stem	yes	final_weight_available	provisional	multi-ancestry	not_encoded_rsid_only	International League Against Epilepsy Consortium. GWAS meta-analysis of over 29,000 people with epilepsy identifies 26 risk loci and subtype-specific genetic architecture	2023	10.1038/s41588-023-01485-w	Matched to a verified study family; remaining fields require verification
focal_epilepsy	Focal Epilepsy	psychiatric_neurologic	focal_epilepsy_cojo.txt	/expanse/projects/sebat1/a1sriniv/pgs_sumstats_organized/processed/txt_weights/focal_epilepsy_cojo.txt	focal_epilepsy.tsv.gz	exact_filename_stem	yes	final_weight_available	provisional	multi-ancestry	not_encoded_rsid_only	International League Against Epilepsy Consortium. GWAS meta-analysis of over 29,000 people with epilepsy identifies 26 risk loci and subtype-specific genetic architecture	2023	10.1038/s41588-023-01485-w	Matched to a verified study family; remaining fields require verification
genetic_generalized_epilepsy	Genetic Generalized Epilepsy	psychiatric_neurologic	genetic_generalized_epilepsy_cojo.txt	/expanse/projects/sebat1/a1sriniv/pgs_sumstats_organized/processed/txt_weights/genetic_generalized_epilepsy_cojo.txt	genetic_generalized_epilepsy.tsv.gz	exact_filename_stem	yes	final_weight_available	provisional	multi-ancestry	not_encoded_rsid_only	International League Against Epilepsy Consortium. GWAS meta-analysis of over 29,000 people with epilepsy identifies 26 risk loci and subtype-specific genetic architecture	2023	10.1038/s41588-023-01485-w	Matched to a verified study family; remaining fields require verification
guan_2025_ext_age_at_first_birth	Guan 2025 Ext Age At First Birth	growth_obesity_development	guan_2025_ext_age_at_first_birth_cojo.txt	/expanse/projects/sebat1/a1sriniv/pgs_sumstats_organized/processed/txt_weights/guan_2025_ext_age_at_first_birth_cojo.txt	guan_2025_ext_age_at_first_birth.sumstats.gz	filename_prefix	yes	final_weight_available	provisional		not_encoded_rsid_only	Guan et al. Family-based genome-wide association study designs for increased power and robustness	2025	10.1038/s41588-025-02118-0	Matched to a verified study family; remaining fields require verification
guan_2025_ext_agemenarche	Guan 2025 Ext Agemenarche	other	guan_2025_ext_agemenarche_cojo.txt	/expanse/projects/sebat1/a1sriniv/pgs_sumstats_organized/processed/txt_weights/guan_2025_ext_agemenarche_cojo.txt	guan_2025_ext_agemenarche.sumstats.gz	filename_prefix	yes	final_weight_available	provisional		not_encoded_rsid_only	Guan et al. Family-based genome-wide association study designs for increased power and robustness	2025	10.1038/s41588-025-02118-0	Matched to a verified study family; remaining fields require verification
guan_2025_ext_asthma	Guan 2025 Ext Asthma	other	guan_2025_ext_asthma_cojo.txt	/expanse/projects/sebat1/a1sriniv/pgs_sumstats_organized/processed/txt_weights/guan_2025_ext_asthma_cojo.txt	guan_2025_ext_asthma.sumstats.gz	filename_prefix	yes	final_weight_available	provisional		not_encoded_rsid_only	Guan et al. Family-based genome-wide association study designs for increased power and robustness	2025	10.1038/s41588-025-02118-0	Matched to a verified study family; remaining fields require verification
guan_2025_ext_blood_pressure_diastolic	Guan 2025 Ext Blood Pressure Diastolic	other	guan_2025_ext_blood_pressure_diastolic_cojo.txt	/expanse/projects/sebat1/a1sriniv/pgs_sumstats_organized/processed/txt_weights/guan_2025_ext_blood_pressure_diastolic_cojo.txt	guan_2025_ext_blood_pressure_diastolic.sumstats.gz	filename_prefix	yes	final_weight_available	provisional		not_encoded_rsid_only	Guan et al. Family-based genome-wide association study designs for increased power and robustness	2025	10.1038/s41588-025-02118-0	Matched to a verified study family; remaining fields require verification
guan_2025_ext_blood_pressure_systolic	Guan 2025 Ext Blood Pressure Systolic	other	guan_2025_ext_blood_pressure_systolic_cojo.txt	/expanse/projects/sebat1/a1sriniv/pgs_sumstats_organized/processed/txt_weights/guan_2025_ext_blood_pressure_systolic_cojo.txt	guan_2025_ext_blood_pressure_systolic.sumstats.gz	filename_prefix	yes	final_weight_available	provisional		not_encoded_rsid_only	Guan et al. Family-based genome-wide association study designs for increased power and robustness	2025	10.1038/s41588-025-02118-0	Matched to a verified study family; remaining fields require verification
guan_2025_ext_bmi	Guan 2025 Ext BMI	growth_obesity_development	guan_2025_ext_bmi_cojo.txt	/expanse/projects/sebat1/a1sriniv/pgs_sumstats_organized/processed/txt_weights/guan_2025_ext_bmi_cojo.txt	guan_2025_ext_bmi.sumstats.gz	filename_prefix	yes	final_weight_available	provisional		not_encoded_rsid_only	Guan et al. Family-based genome-wide association study designs for increased power and robustness	2025	10.1038/s41588-025-02118-0	Matched to a verified study family; remaining fields require verification
guan_2025_ext_cigarettes_per_day	Guan 2025 Ext Cigarettes Per Day	substance_behavior	guan_2025_ext_cigarettes_per_day_cojo.txt	/expanse/projects/sebat1/a1sriniv/pgs_sumstats_organized/processed/txt_weights/guan_2025_ext_cigarettes_per_day_cojo.txt	guan_2025_ext_cigarettes_per_day.sumstats.gz	filename_prefix	yes	final_weight_available	provisional		not_encoded_rsid_only	Guan et al. Family-based genome-wide association study designs for increased power and robustness	2025	10.1038/s41588-025-02118-0	Matched to a verified study family; remaining fields require verification
guan_2025_ext_cognitive_performance	Guan 2025 Ext Cognitive Performance	education_cognition	guan_2025_ext_cognitive_performance_cojo.txt	/expanse/projects/sebat1/a1sriniv/pgs_sumstats_organized/processed/txt_weights/guan_2025_ext_cognitive_performance_cojo.txt	guan_2025_ext_cognitive_performance.sumstats.gz	filename_prefix	yes	final_weight_available	provisional		not_encoded_rsid_only	Guan et al. Family-based genome-wide association study designs for increased power and robustness	2025	10.1038/s41588-025-02118-0	Matched to a verified study family; remaining fields require verification
guan_2025_ext_depressive_symptoms	Guan 2025 Ext Depressive Symptoms	other	guan_2025_ext_depressive_symptoms_cojo.txt	/expanse/projects/sebat1/a1sriniv/pgs_sumstats_organized/processed/txt_weights/guan_2025_ext_depressive_symptoms_cojo.txt	guan_2025_ext_depressive_symptoms.sumstats.gz	filename_prefix	yes	final_weight_available	provisional		not_encoded_rsid_only	Guan et al. Family-based genome-wide association study designs for increased power and robustness	2025	10.1038/s41588-025-02118-0	Matched to a verified study family; remaining fields require verification
guan_2025_ext_drinks_per_week	Guan 2025 Ext Drinks Per Week	substance_behavior	guan_2025_ext_drinks_per_week_cojo.txt	/expanse/projects/sebat1/a1sriniv/pgs_sumstats_organized/processed/txt_weights/guan_2025_ext_drinks_per_week_cojo.txt	guan_2025_ext_drinks_per_week.sumstats.gz	filename_prefix	yes	final_weight_available	provisional		not_encoded_rsid_only	Guan et al. Family-based genome-wide association study designs for increased power and robustness	2025	10.1038/s41588-025-02118-0	Matched to a verified study family; remaining fields require verification
guan_2025_ext_eczema	Guan 2025 Ext Eczema	other	guan_2025_ext_eczema_cojo.txt	/expanse/projects/sebat1/a1sriniv/pgs_sumstats_organized/processed/txt_weights/guan_2025_ext_eczema_cojo.txt	guan_2025_ext_eczema.sumstats.gz	filename_prefix	yes	final_weight_available	provisional		not_encoded_rsid_only	Guan et al. Family-based genome-wide association study designs for increased power and robustness	2025	10.1038/s41588-025-02118-0	Matched to a verified study family; remaining fields require verification
guan_2025_ext_educational_attainment	Guan 2025 Ext Educational Attainment	education_cognition	guan_2025_ext_educational_attainment_cojo.txt	/expanse/projects/sebat1/a1sriniv/pgs_sumstats_organized/processed/txt_weights/guan_2025_ext_educational_attainment_cojo.txt	guan_2025_ext_educational_attainment.sumstats.gz	filename_prefix	yes	final_weight_available	provisional		not_encoded_rsid_only	Guan et al. Family-based genome-wide association study designs for increased power and robustness	2025	10.1038/s41588-025-02118-0	Matched to a verified study family; remaining fields require verification
guan_2025_ext_ever_cannabis	Guan 2025 Ext Ever Cannabis	substance_behavior	guan_2025_ext_ever_cannabis_cojo.txt	/expanse/projects/sebat1/a1sriniv/pgs_sumstats_organized/processed/txt_weights/guan_2025_ext_ever_cannabis_cojo.txt	guan_2025_ext_ever_cannabis.sumstats.gz	filename_prefix	yes	final_weight_available	provisional		not_encoded_rsid_only	Guan et al. Family-based genome-wide association study designs for increased power and robustness	2025	10.1038/s41588-025-02118-0	Matched to a verified study family; remaining fields require verification
guan_2025_ext_ever_smoker	Guan 2025 Ext Ever Smoker	substance_behavior	guan_2025_ext_ever_smoker_cojo.txt	/expanse/projects/sebat1/a1sriniv/pgs_sumstats_organized/processed/txt_weights/guan_2025_ext_ever_smoker_cojo.txt	guan_2025_ext_ever_smoker.sumstats.gz	filename_prefix	yes	final_weight_available	provisional		not_encoded_rsid_only	Guan et al. Family-based genome-wide association study designs for increased power and robustness	2025	10.1038/s41588-025-02118-0	Matched to a verified study family; remaining fields require verification
guan_2025_ext_migraine	Guan 2025 Ext Migraine	other	guan_2025_ext_migraine_cojo.txt	/expanse/projects/sebat1/a1sriniv/pgs_sumstats_organized/processed/txt_weights/guan_2025_ext_migraine_cojo.txt	guan_2025_ext_migraine.sumstats.gz	filename_prefix	yes	final_weight_available	provisional		not_encoded_rsid_only	Guan et al. Family-based genome-wide association study designs for increased power and robustness	2025	10.1038/s41588-025-02118-0	Matched to a verified study family; remaining fields require verification
guan_2025_ext_morningperson	Guan 2025 Ext Morningperson	sleep_circadian	guan_2025_ext_morningperson_cojo.txt	/expanse/projects/sebat1/a1sriniv/pgs_sumstats_organized/processed/txt_weights/guan_2025_ext_morningperson_cojo.txt	guan_2025_ext_morningperson.sumstats.gz	filename_prefix	yes	final_weight_available	provisional		not_encoded_rsid_only	Guan et al. Family-based genome-wide association study designs for increased power and robustness	2025	10.1038/s41588-025-02118-0	Matched to a verified study family; remaining fields require verification
guan_2025_ext_myopia	Guan 2025 Ext Myopia	other	guan_2025_ext_myopia_cojo.txt	/expanse/projects/sebat1/a1sriniv/pgs_sumstats_organized/processed/txt_weights/guan_2025_ext_myopia_cojo.txt	guan_2025_ext_myopia.sumstats.gz	filename_prefix	yes	final_weight_available	provisional		not_encoded_rsid_only	Guan et al. Family-based genome-wide association study designs for increased power and robustness	2025	10.1038/s41588-025-02118-0	Matched to a verified study family; remaining fields require verification
guan_2025_ext_neuroticism	Guan 2025 Ext Neuroticism	other	guan_2025_ext_neuroticism_cojo.txt	/expanse/projects/sebat1/a1sriniv/pgs_sumstats_organized/processed/txt_weights/guan_2025_ext_neuroticism_cojo.txt	guan_2025_ext_neuroticism.sumstats.gz	filename_prefix	yes	final_weight_available	provisional		not_encoded_rsid_only	Guan et al. Family-based genome-wide association study designs for increased power and robustness	2025	10.1038/s41588-025-02118-0	Matched to a verified study family; remaining fields require verification
guan_2025_ext_nonhdl_cholesterol	Guan 2025 Ext Nonhdl Cholesterol	other	guan_2025_ext_nonhdl_cholesterol_cojo.txt	/expanse/projects/sebat1/a1sriniv/pgs_sumstats_organized/processed/txt_weights/guan_2025_ext_nonhdl_cholesterol_cojo.txt	guan_2025_ext_nonhdl_cholesterol.sumstats.gz	filename_prefix	yes	final_weight_available	provisional		not_encoded_rsid_only	Guan et al. Family-based genome-wide association study designs for increased power and robustness	2025	10.1038/s41588-025-02118-0	Matched to a verified study family; remaining fields require verification
guan_2025_ext_self_rated_health	Guan 2025 Ext Self Rated Health	other	guan_2025_ext_self_rated_health_cojo.txt	/expanse/projects/sebat1/a1sriniv/pgs_sumstats_organized/processed/txt_weights/guan_2025_ext_self_rated_health_cojo.txt	guan_2025_ext_self_rated_health.sumstats.gz	filename_prefix	yes	final_weight_available	provisional		not_encoded_rsid_only	Guan et al. Family-based genome-wide association study designs for increased power and robustness	2025	10.1038/s41588-025-02118-0	Matched to a verified study family; remaining fields require verification
guan_2025_ext_subjective_well_being	Guan 2025 Ext Subjective Well Being	other	guan_2025_ext_subjective_well_being_cojo.txt	/expanse/projects/sebat1/a1sriniv/pgs_sumstats_organized/processed/txt_weights/guan_2025_ext_subjective_well_being_cojo.txt	guan_2025_ext_subjective_well_being.sumstats.gz	filename_prefix	yes	final_weight_available	provisional		not_encoded_rsid_only	Guan et al. Family-based genome-wide association study designs for increased power and robustness	2025	10.1038/s41588-025-02118-0	Matched to a verified study family; remaining fields require verification
guan_2025_robust_bmi	Guan 2025 Robust BMI	growth_obesity_development	guan_2025_robust_bmi_cojo.txt	/expanse/projects/sebat1/a1sriniv/pgs_sumstats_organized/processed/txt_weights/guan_2025_robust_bmi_cojo.txt	guan_2025_robust_bmi.gz	exact_filename_stem	yes	final_weight_available	provisional		not_encoded_rsid_only	Guan et al. Family-based genome-wide association study designs for increased power and robustness	2025	10.1038/s41588-025-02118-0	Matched to a verified study family; remaining fields require verification
guan_2025_robust_ea	Guan 2025 Robust Ea	other	guan_2025_robust_ea_cojo.txt	/expanse/projects/sebat1/a1sriniv/pgs_sumstats_organized/processed/txt_weights/guan_2025_robust_ea_cojo.txt	guan_2025_robust_ea.gz	exact_filename_stem	yes	final_weight_available	provisional		not_encoded_rsid_only	Guan et al. Family-based genome-wide association study designs for increased power and robustness	2025	10.1038/s41588-025-02118-0	Matched to a verified study family; remaining fields require verification
guan_2025_robust_height	Guan 2025 Robust Height	growth_obesity_development	guan_2025_robust_height_cojo.txt	/expanse/projects/sebat1/a1sriniv/pgs_sumstats_organized/processed/txt_weights/guan_2025_robust_height_cojo.txt	guan_2025_robust_height.gz	exact_filename_stem	yes	final_weight_available	provisional		not_encoded_rsid_only	Guan et al. Family-based genome-wide association study designs for increased power and robustness	2025	10.1038/s41588-025-02118-0	Matched to a verified study family; remaining fields require verification
haircolor_black_2025	Hair Color (Black)	other	haircolor_black_2025.txt	/expanse/projects/sebat1/a1sriniv/pgs_sumstats_organized/processed/txt_weights/haircolor_black_2025.txt	haircolor_black_2025.ma	exact_filename_stem	yes	final_weight_available	provisional	EUR	not_encoded_rsid_only	Pan-UKB 2025	2025	10.1101/2024.03.13.24303864	Imported from sumstats/sources.yaml; verify before release
haircolor_darkbrown_2025	Hair Color (Dark Brown)	other	haircolor_darkbrown_2025.txt	/expanse/projects/sebat1/a1sriniv/pgs_sumstats_organized/processed/txt_weights/haircolor_darkbrown_2025.txt	haircolor_darkbrown_2025.ma	exact_filename_stem	yes	final_weight_available	provisional	EUR	not_encoded_rsid_only	Pan-UKB 2025	2025	10.1101/2024.03.13.24303864	Imported from sumstats/sources.yaml; verify before release
headcircum_birth_2022	Headcircum Birth 2022	growth_obesity_development	headcircum_birth_2022_cojo.txt	/expanse/projects/sebat1/a1sriniv/pgs_sumstats_organized/processed/txt_weights/headcircum_birth_2022_cojo.txt	headcircum_birth_2022.txt.gz	exact_filename_stem	yes	final_weight_available	provisional		not_encoded_rsid_only	Haworth et al. Genetics of early-life head circumference and shared genetic factors with adult brain traits	2022	10.1186/s12920-022-01281-1	Matched to a verified study family; remaining fields require verification
headcircum_infant_6_30_mos_2022	Headcircum Infant 6 30 Mos 2022	growth_obesity_development	headcircum_infant_6_30_mos_2022_cojo.txt	/expanse/projects/sebat1/a1sriniv/pgs_sumstats_organized/processed/txt_weights/headcircum_infant_6_30_mos_2022_cojo.txt	headcircum_infant_6_30_mos_2022.txt.gz	exact_filename_stem	yes	final_weight_available	provisional		not_encoded_rsid_only	Haworth et al. Genetics of early-life head circumference and shared genetic factors with adult brain traits	2022	10.1186/s12920-022-01281-1	Matched to a verified study family; remaining fields require verification
height_2022	Height	growth_obesity_development	height_2022.txt	/expanse/projects/sebat1/a1sriniv/pgs_sumstats_organized/processed/txt_weights/height_2022.txt	height_2022.ma	exact_filename_stem	yes	final_weight_available	provisional	EUR	not_encoded_rsid_only	Yengo et al. 2022	2022	10.1038/s41586-022-05275-y	Imported from sumstats/sources.yaml; verify before release
iq_2018	Intelligence	education_cognition	iq_2018.txt	/expanse/projects/sebat1/a1sriniv/pgs_sumstats_organized/processed/txt_weights/iq_2018.txt	iq_2018.ma	exact_filename_stem	yes	final_weight_available	provisional	EUR	not_encoded_rsid_only	Savage et al. 2018	2018	10.1038/s41588-018-0152-6	Imported from sumstats/sources.yaml; verify before release
maternal_gestation_duration_all_2023	Maternal Gestation Duration All 2023	growth_obesity_development	maternal_gestation_duration_all_2023_cojo.txt	/expanse/projects/sebat1/a1sriniv/pgs_sumstats_organized/processed/txt_weights/maternal_gestation_duration_all_2023_cojo.txt	maternal_gestation_duration_all_2023.txt.gz	exact_filename_stem	yes	final_weight_available	provisional	multi-ancestry	not_encoded_rsid_only	Sole-Navais et al. Genetic effects on the timing of parturition and links to fetal birth weight	2023	10.1038/s41588-023-01343-9	Matched to a verified study family; remaining fields require verification
maternal_gestation_duration_postterm_delivery_2023	Maternal Gestation Duration Postterm Delivery 2023	growth_obesity_development	maternal_gestation_duration_postterm_delivery_2023_cojo.txt	/expanse/projects/sebat1/a1sriniv/pgs_sumstats_organized/processed/txt_weights/maternal_gestation_duration_postterm_delivery_2023_cojo.txt	maternal_gestation_duration_postterm_delivery_2023.txt.gz	exact_filename_stem	yes	final_weight_available	provisional	multi-ancestry	not_encoded_rsid_only	Sole-Navais et al. Genetic effects on the timing of parturition and links to fetal birth weight	2023	10.1038/s41588-023-01343-9	Matched to a verified study family; remaining fields require verification
maternal_gestation_duration_preterm_delivery_2023	Maternal Gestation Duration Preterm Delivery 2023	growth_obesity_development	maternal_gestation_duration_preterm_delivery_2023_cojo.txt	/expanse/projects/sebat1/a1sriniv/pgs_sumstats_organized/processed/txt_weights/maternal_gestation_duration_preterm_delivery_2023_cojo.txt	maternal_gestation_duration_preterm_delivery_2023.txt.gz	exact_filename_stem	yes	final_weight_available	provisional	multi-ancestry	not_encoded_rsid_only	Sole-Navais et al. Genetic effects on the timing of parturition and links to fetal birth weight	2023	10.1038/s41588-023-01343-9	Matched to a verified study family; remaining fields require verification
mdd_2025	MDD	psychiatric_neurologic	mdd_2025.txt	/expanse/projects/sebat1/a1sriniv/pgs_sumstats_organized/processed/txt_weights/mdd_2025.txt	mdd_2025.ma	exact_filename_stem	yes	final_weight_available	provisional	EUR	not_encoded_rsid_only	Levey et al. 2025	2025	10.1016/j.cell.2024.12.002	Imported from sumstats/sources.yaml; verify before release
meta_carb_charge_ukbb1_noindels	Meta Carb Charge Ukbb1 Noindels	diet	meta_carb_CHARGE_UKBB1_noindels_cojo.txt	/expanse/projects/sebat1/a1sriniv/pgs_sumstats_organized/processed/txt_weights/meta_carb_CHARGE_UKBB1_noindels_cojo.txt	meta_carb_CHARGE_UKBB1_noindels.txt.gz	exact_filename_stem	yes	final_weight_available	provisional	European	not_encoded_rsid_only	Merino et al. Genetic analysis of dietary intake identifies new loci and functional links with metabolic traits	2022	10.1038/s41562-021-01182-w	Matched to a verified study family; remaining fields require verification
meta_carb_charge_ukbb_bmi1_noindels	Meta Carb Charge Ukbb BMI1 Noindels	growth_obesity_development	meta_carb_CHARGE_UKBB_BMI1_noindels_cojo.txt	/expanse/projects/sebat1/a1sriniv/pgs_sumstats_organized/processed/txt_weights/meta_carb_CHARGE_UKBB_BMI1_noindels_cojo.txt	meta_carb_CHARGE_UKBB_BMI1_noindels.txt.gz	exact_filename_stem	yes	final_weight_available	provisional	European	not_encoded_rsid_only	Merino et al. Genetic analysis of dietary intake identifies new loci and functional links with metabolic traits	2022	10.1038/s41562-021-01182-w	Matched to a verified study family; remaining fields require verification
meta_fat_charge_ukbb1_noindels	Meta Fat Charge Ukbb1 Noindels	diet	meta_fat_CHARGE_UKBB1_noindels_cojo.txt	/expanse/projects/sebat1/a1sriniv/pgs_sumstats_organized/processed/txt_weights/meta_fat_CHARGE_UKBB1_noindels_cojo.txt	meta_fat_CHARGE_UKBB1_noindels.txt.gz	exact_filename_stem	yes	final_weight_available	provisional	European	not_encoded_rsid_only	Merino et al. Genetic analysis of dietary intake identifies new loci and functional links with metabolic traits	2022	10.1038/s41562-021-01182-w	Matched to a verified study family; remaining fields require verification
meta_fat_charge_ukbb_bmi1_noindels	Meta Fat Charge Ukbb BMI1 Noindels	growth_obesity_development	meta_fat_CHARGE_UKBB_BMI1_noindels_cojo.txt	/expanse/projects/sebat1/a1sriniv/pgs_sumstats_organized/processed/txt_weights/meta_fat_CHARGE_UKBB_BMI1_noindels_cojo.txt	meta_fat_CHARGE_UKBB_BMI1_noindels.txt.gz	exact_filename_stem	yes	final_weight_available	provisional	European	not_encoded_rsid_only	Merino et al. Genetic analysis of dietary intake identifies new loci and functional links with metabolic traits	2022	10.1038/s41562-021-01182-w	Matched to a verified study family; remaining fields require verification
meta_pro_charge_ukbb1_noindels	Meta Pro Charge Ukbb1 Noindels	other	meta_pro_CHARGE_UKBB1_noindels_cojo.txt	/expanse/projects/sebat1/a1sriniv/pgs_sumstats_organized/processed/txt_weights/meta_pro_CHARGE_UKBB1_noindels_cojo.txt	meta_pro_CHARGE_UKBB1_noindels.txt.gz	exact_filename_stem	yes	final_weight_available	provisional	European	not_encoded_rsid_only	Merino et al. Genetic analysis of dietary intake identifies new loci and functional links with metabolic traits	2022	10.1038/s41562-021-01182-w	Matched to a verified study family; remaining fields require verification
meta_pro_charge_ukbb_bmi1_noindels	Meta Pro Charge Ukbb BMI1 Noindels	growth_obesity_development	meta_pro_CHARGE_UKBB_BMI1_noindels_cojo.txt	/expanse/projects/sebat1/a1sriniv/pgs_sumstats_organized/processed/txt_weights/meta_pro_CHARGE_UKBB_BMI1_noindels_cojo.txt	meta_pro_CHARGE_UKBB_BMI1_noindels.txt.gz	exact_filename_stem	yes	final_weight_available	provisional	European	not_encoded_rsid_only	Merino et al. Genetic analysis of dietary intake identifies new loci and functional links with metabolic traits	2022	10.1038/s41562-021-01182-w	Matched to a verified study family; remaining fields require verification
napping_2021_saxena	Napping 2021 Saxena	sleep_circadian	napping_2021_Saxena_cojo.txt	/expanse/projects/sebat1/a1sriniv/pgs_sumstats_organized/processed/txt_weights/napping_2021_Saxena_cojo.txt	napping_2021_Saxena.txt	exact_filename_stem	yes	final_weight_available	provisional	European	not_encoded_rsid_only	Dashti et al. Genetic determinants of daytime napping and effects on cardiometabolic health	2021	10.1038/s41467-020-20585-3	Matched to a verified study family; remaining fields require verification
no2_2018	NO2 Air Pollution	environment	no2_2018.txt	/expanse/projects/sebat1/a1sriniv/pgs_sumstats_organized/processed/txt_weights/no2_2018.txt	no2_2018.ma	exact_filename_stem	yes	final_weight_available	provisional	EUR	not_encoded_rsid_only	UKB GWAS	2018		Imported from sumstats/sources.yaml; verify before release
pgcan2_2019_07_anorexia_vcf	Pgcan2 2019 07 Anorexia Vcf	psychiatric_neurologic	pgcAN2.2019-07_anorexia.vcf_cojo_freq.txt	/expanse/projects/sebat1/a1sriniv/pgs_sumstats_organized/processed/txt_weights/pgcAN2.2019-07_anorexia.vcf_cojo_freq.txt	pgcAN2.2019-07_anorexia.vcf.tsv.gz	exact_filename_stem	yes	final_weight_available	provisional	European	not_encoded_rsid_only	Watson et al. Genome-wide association study identifies eight risk loci and implicates metabo-psychiatric origins for anorexia nervosa	2019	10.1038/s41588-019-0439-2	Matched to a verified study family; remaining fields require verification
pm25_2018	PM2.5 Air Pollution	environment	pm25_2018.txt	/expanse/projects/sebat1/a1sriniv/pgs_sumstats_organized/processed/txt_weights/pm25_2018.txt	pm25_2018.ma	exact_filename_stem	yes	final_weight_available	provisional	EUR	not_encoded_rsid_only	UKB GWAS	2018		Imported from sumstats/sources.yaml; verify before release
pubertal_growth_late_14y_adult_2024	Pubertal Growth Late 14Y Adult 2024	growth_obesity_development	pubertal_growth_late_14y_adult_2024_cojo.txt	/expanse/projects/sebat1/a1sriniv/pgs_sumstats_organized/processed/txt_weights/pubertal_growth_late_14y_adult_2024_cojo.txt	pubertal_growth_late_14y_adult_2024.txt.gz	exact_filename_stem	yes	final_weight_available	provisional	trans-ancestry	not_encoded_rsid_only	Bradfield et al. Trans-ancestral genome-wide association study of longitudinal pubertal height growth and shared heritability with adult health outcomes	2024	10.1186/s13059-023-03136-z	Matched to a verified study family; remaining fields require verification
pubertal_growth_total_8y_adult_2024	Pubertal Growth Total 8Y Adult 2024	growth_obesity_development	pubertal_growth_total_8y_adult_2024_cojo.txt	/expanse/projects/sebat1/a1sriniv/pgs_sumstats_organized/processed/txt_weights/pubertal_growth_total_8y_adult_2024_cojo.txt	pubertal_growth_total_8y_adult_2024.txt.gz	exact_filename_stem	yes	final_weight_available	provisional	trans-ancestry	not_encoded_rsid_only	Bradfield et al. Trans-ancestral genome-wide association study of longitudinal pubertal height growth and shared heritability with adult health outcomes	2024	10.1186/s13059-023-03136-z	Matched to a verified study family; remaining fields require verification
scz_2022	Schizophrenia	psychiatric_neurologic	scz_2022.txt	/expanse/projects/sebat1/a1sriniv/pgs_sumstats_organized/processed/txt_weights/scz_2022.txt	scz_2022.ma	exact_filename_stem	yes	final_weight_available	provisional	EUR	not_encoded_rsid_only	Trubetskoy et al. 2022	2022	10.1038/s41586-022-04434-5	Imported from sumstats/sources.yaml; verify before release
sitar_longitudinal_a_growth_curve_shift_size_2024	Sitar Longitudinal A Growth Curve Shift Size 2024	growth_obesity_development	sitar_longitudinal_A_growth_curve_shift_size_2024_cojo.txt	/expanse/projects/sebat1/a1sriniv/pgs_sumstats_organized/processed/txt_weights/sitar_longitudinal_A_growth_curve_shift_size_2024_cojo.txt	sitar_longitudinal_A_growth_curve_shift_size_2024.txt.gz	exact_filename_stem	yes	final_weight_available	provisional	trans-ancestry	not_encoded_rsid_only	Bradfield et al. Trans-ancestral genome-wide association study of longitudinal pubertal height growth and shared heritability with adult health outcomes	2024	10.1186/s13059-023-03136-z	Matched to a verified study family; remaining fields require verification
sitar_longitudinal_b_growth_timing_tempo_2024	Sitar Longitudinal B Growth Timing Tempo 2024	growth_obesity_development	sitar_longitudinal_B_growth_timing_tempo_2024_cojo.txt	/expanse/projects/sebat1/a1sriniv/pgs_sumstats_organized/processed/txt_weights/sitar_longitudinal_B_growth_timing_tempo_2024_cojo.txt	sitar_longitudinal_B_growth_timing_tempo_2024.txt.gz	exact_filename_stem	yes	final_weight_available	provisional	trans-ancestry	not_encoded_rsid_only	Bradfield et al. Trans-ancestral genome-wide association study of longitudinal pubertal height growth and shared heritability with adult health outcomes	2024	10.1186/s13059-023-03136-z	Matched to a verified study family; remaining fields require verification
sitar_longitudinal_c_growth_intensity_velocity_2024	Sitar Longitudinal C Growth Intensity Velocity 2024	growth_obesity_development	sitar_longitudinal_C_growth_intensity_velocity_2024_cojo.txt	/expanse/projects/sebat1/a1sriniv/pgs_sumstats_organized/processed/txt_weights/sitar_longitudinal_C_growth_intensity_velocity_2024_cojo.txt	sitar_longitudinal_C_growth_intensity_velocity_2024.txt.gz	exact_filename_stem	yes	final_weight_available	provisional	trans-ancestry	not_encoded_rsid_only	Bradfield et al. Trans-ancestral genome-wide association study of longitudinal pubertal height growth and shared heritability with adult health outcomes	2024	10.1186/s13059-023-03136-z	Matched to a verified study family; remaining fields require verification
smkces_2022	Smoking Cessation	other	smkces_2022.txt	/expanse/projects/sebat1/a1sriniv/pgs_sumstats_organized/processed/txt_weights/smkces_2022.txt	smkces_2022.ma	exact_filename_stem	yes	final_weight_available	provisional	EUR	not_encoded_rsid_only	Saunders et al. 2022 (GSCAN)	2022	10.1038/s41586-022-05761-3	Imported from sumstats/sources.yaml; verify before release
smoking_2022	Smoking Initiation	substance_behavior	smoking_2022.txt	/expanse/projects/sebat1/a1sriniv/pgs_sumstats_organized/processed/txt_weights/smoking_2022.txt	smoking_2022.ma	exact_filename_stem	yes	final_weight_available	provisional	EUR	not_encoded_rsid_only	Saunders et al. 2022 (GSCAN)	2022	10.1038/s41586-022-05761-3	Imported from sumstats/sources.yaml; verify before release
